{
    "textures": [],
    "geometries": [{
        "materials": [{
            "depthTest": true,
            "shading": "phong",
            "DbgColor": 15658734,
            "transparent": false,
            "depthWrite": true,
            "wireframe": false,
            "doubleSided": true,
            "visible": true,
            "blending": "NormalBlending",
            "colorDiffuse": [0.690196,0.690196,0.690196],
            "opacity": 1,
            "specularCoef": 50,
            "colorAmbient": [0.690196,0.690196,0.690196],
            "colorSpecular": [0.5,0.5,0.5],
            "DbgName": "SailDefault",
            "DbgIndex": 0,
            "colorEmissive": [0,0,0]
        }],
        "data": {
            "metadata": {
                "generator": "io_three",
                "bones": 0,
                "morphTargets": 0,
                "faces": 10,
                "vertices": 12,
                "materials": 1,
                "normals": 12,
                "version": 3,
                "uvs": 1
            },
            "normals": [0.758446,-0.6386,-0.129887,0.335673,-0.543474,-0.769341,0.335673,0.543474,-0.769341,0.758446,0.6386,-0.129887,-0.518204,0.854976,0.020142,-0.771325,0.507065,-0.384564,-0.771325,-0.507065,-0.384564,-0.518204,-0.854976,0.020142,-0.688864,0.535081,0.488998,-0.688864,-0.535081,0.488998,0.457076,-0.564165,0.687551,0.457076,0.564165,0.687551],
            "animations": [],
            "influencesPerVertex": 2,
            "uvs": [[0,1,0,0,1,0,1,1]],
            "skinIndices": [],
            "bones": [],
            "name": "SailGeometry",
            "morphTargets": [],
            "vertices": [-0.218926,-0.607576,-0.438531,-0.218926,0.607576,-0.438531,-0.637721,-0.5,-0.963252,-0.637721,0.5,-0.963252,-0.33946,0.607576,-0.438531,-0.33946,-0.607576,-0.438531,-0.758255,0.5,-0.963252,-0.758255,-0.5,-0.963252,-0.758255,-0.5,0.677873,-0.758255,0.5,0.677873,-0.637721,-0.5,0.677873,-0.637721,0.5,0.677873],
            "faces": [43,0,2,3,1,0,0,1,2,3,0,1,2,3,43,4,6,7,5,0,0,1,2,3,4,5,6,7,43,9,8,10,11,0,0,1,2,3,8,9,10,11,43,7,6,3,2,0,0,1,2,3,6,5,2,1,43,2,0,5,7,0,2,3,0,1,1,0,7,6,43,1,3,6,4,0,0,1,2,3,3,2,5,4,43,4,5,8,9,0,1,1,1,1,4,7,9,8,43,5,0,10,8,0,1,1,1,1,7,0,10,9,43,0,1,11,10,0,1,1,1,1,0,3,11,10,43,1,4,9,11,0,1,1,1,1,3,4,8,11],
            "skinWeights": []
        },
        "type": "Geometry",
        "uuid": "A9E30E79-8060-3971-9071-E3C820EAA850"
    },{
        "materials": [{
            "depthTest": true,
            "shading": "phong",
            "DbgColor": 15658734,
            "transparent": false,
            "depthWrite": true,
            "wireframe": false,
            "doubleSided": true,
            "visible": true,
            "blending": "NormalBlending",
            "colorDiffuse": [0.317647,0.27451,0.188235],
            "opacity": 1,
            "specularCoef": 50,
            "colorAmbient": [0.317647,0.27451,0.188235],
            "colorSpecular": [0.5,0.5,0.5],
            "DbgName": "MastDefault",
            "DbgIndex": 0,
            "colorEmissive": [0,0,0]
        }],
        "data": {
            "metadata": {
                "generator": "io_three",
                "bones": 0,
                "morphTargets": 0,
                "faces": 5,
                "vertices": 6,
                "materials": 1,
                "normals": 6,
                "version": 3,
                "uvs": 1
            },
            "normals": [-0.48909,0.666158,0.563005,-0.48909,0.666158,-0.563005,-0.48909,-0.666158,-0.563005,-0.48909,-0.666158,0.563005,0.839747,0,0.542924,0.839747,0,-0.542924],
            "animations": [],
            "influencesPerVertex": 2,
            "uvs": [[0,1,0,0,1,0,1,1]],
            "skinIndices": [],
            "bones": [],
            "name": "MastGeometry",
            "morphTargets": [],
            "vertices": [-0.101454,0,1.43976,-0.101454,0,-0.518417,-0.199273,0.030701,1.43976,-0.199273,-0.030701,1.43976,-0.199273,0.030701,-0.518417,-0.199273,-0.030701,-0.518417],
            "faces": [43,2,4,5,3,0,0,1,2,3,0,1,2,3,42,2,3,0,0,0,1,2,0,3,4,42,5,4,1,0,0,1,2,2,1,5,43,1,0,3,5,0,2,3,0,1,5,4,3,2,43,0,1,4,2,0,0,1,2,3,4,5,1,0],
            "skinWeights": []
        },
        "type": "Geometry",
        "uuid": "469833C7-5511-3B4C-9F1F-DDB87AA6BA53"
    },{
        "materials": [{
            "depthTest": true,
            "shading": "phong",
            "DbgColor": 15658734,
            "transparent": false,
            "depthWrite": true,
            "wireframe": false,
            "doubleSided": true,
            "visible": true,
            "blending": "NormalBlending",
            "colorDiffuse": [0.419608,0.333333,0.113725],
            "opacity": 1,
            "specularCoef": 50,
            "colorAmbient": [0.419608,0.333333,0.113725],
            "colorSpecular": [0.5,0.5,0.5],
            "DbgName": "HullDefault",
            "DbgIndex": 0,
            "colorEmissive": [0,0,0]
        }],
        "data": {
            "metadata": {
                "generator": "io_three",
                "bones": 0,
                "morphTargets": 0,
                "faces": 29,
                "vertices": 25,
                "materials": 1,
                "normals": 25,
                "version": 3,
                "uvs": 1
            },
            "normals": [-0.665731,0.70745,-0.237159,-0.652303,0.542924,-0.528825,-0.652303,-0.542924,-0.528825,-0.665731,-0.70745,-0.237159,0.222755,0.865139,0.449293,0.222755,-0.865139,0.449293,0.219153,-0.835627,0.503647,0.219153,0.835627,0.503647,-0.032868,-0.565203,-0.824274,-0.032868,0.565203,-0.824274,0.074953,0.566759,-0.820429,0.074953,-0.566759,-0.820429,-0.055086,-0.945463,-0.320963,0.174078,-0.913755,-0.367046,0.174078,0.913755,-0.367046,-0.055086,0.945463,-0.320963,-0.316263,-0.43849,-0.841212,-0.316263,0.43849,-0.841212,0.284829,-0.63271,0.720084,0.284829,0.63271,0.720084,-0.632893,0.568377,0.525681,-0.632893,-0.568377,0.525681,0.710318,0,-0.703848,0.897427,0,0.441115,0.421949,0,-0.906613],
            "animations": [],
            "influencesPerVertex": 2,
            "uvs": [[-1.25078,1,-1.05745,0.776682,-1.05745,0.223317,-1.25078,0,-0.414946,1,-0.414946,0,1,0,1,1,-0.336544,0.210297,-0.336544,0.789703,0.370955,0.789703,0.370955,0.210297,-0.411576,0.127778,0.497447,0.127778,0.497447,0.872222,-0.411576,0.872222,-0.83923,0.284656,-0.83923,0.715344,-0.779196,0,-0.779196,1,-1.31426,1,-1.31426,0,1.42962,0.5,1.91795,0.5,1.09647,0.5]],
            "skinIndices": [],
            "bones": [],
            "name": "HullGeometry",
            "morphTargets": [],
            "vertices": [1.41795,0,0.34531,0.929622,0,-0.5,0.5,-0.5,0.135913,0.5,0.5,0.135913,-0.002553,-0.372222,-0.5,-0.002553,0.372222,-0.5,-0.914946,0.5,0.135913,-0.914946,-0.5,0.135913,-0.911576,0.372222,-0.5,-0.911576,-0.372222,-0.5,-1.75078,0.5,0.135239,-1.55745,0.276683,-0.500674,-1.55745,-0.276683,-0.500674,-1.75078,-0.5,0.135239,-1.2792,0.5,0.47838,-1.2792,-0.5,0.47838,-1.81426,0.5,0.477706,-1.81426,-0.5,0.477706,-0.836544,0.289703,-0.700043,-0.129045,0.289703,-0.700043,-0.129045,-0.289703,-0.700043,-0.836544,-0.289703,-0.700043,-1.33923,-0.215344,-0.700567,-1.33923,0.215344,-0.700567,0.596472,0,-0.700043],